vendor_emp_ref,hris_link,market_p50_salary,market_p25_salary,market_p75_salary,benchmark_role
EMP_00599,DF-100599,45354.0,39912.0,51704.0,L1 - Junior
EMP_00139,DF-100139,56785.0,49971.0,64735.0,L2 - Mid
EMP_00074,DF-100074,59003.0,51923.0,67263.0,L2 - Mid
EMP_00673,DF-100673,136073.0,119744.0,155123.0,L5 - Manager
EMP_00298,DF-100298,87310.0,76833.0,99533.0,L3 - Senior
EMP_00096,DF-100096,184754.0,162584.0,210620.0,L6 - Director
EMP_00459,DF-100459,50014.0,44012.0,57016.0,L2 - Mid
EMP_00283,DF-100283,63968.0,56292.0,72924.0,L2 - Mid
EMP_00549,DF-100549,47314.0,41636.0,53938.0,L2 - Mid
EMP_00518,DF-100518,68656.0,60417.0,78268.0,L2 - Mid
EMP_00040,DF-100040,200203.0,176179.0,228231.0,L6 - Director
EMP_00562,DF-100562,66658.0,58659.0,75990.0,L3 - Senior
EMP_00200,DF-100200,82868.0,72924.0,94470.0,L3 - Senior
EMP_00339,DF-100339,60269.0,53037.0,68707.0,L1 - Junior
EMP_00093,DF-100093,39049.0,34363.0,44516.0,L1 - Junior
EMP_00570,DF-100570,92546.0,81440.0,105502.0,L3 - Senior
EMP_00492,DF-100492,40959.0,36044.0,46693.0,L1 - Junior
EMP_00098,DF-100098,47209.0,41544.0,53818.0,L1 - Junior
EMP_00488,DF-100488,119771.0,105398.0,136539.0,L3 - Senior
EMP_00593,DF-100593,58412.0,51403.0,66590.0,L1 - Junior
EMP_00542,DF-100542,63292.0,55697.0,72153.0,L2 - Mid
EMP_00669,DF-100669,43753.0,38503.0,49878.0,L1 - Junior
EMP_00514,DF-100514,38755.0,34104.0,44181.0,L1 - Junior
EMP_00590,DF-100590,46227.0,40680.0,52699.0,L1 - Junior
EMP_00127,DF-100127,57522.0,50619.0,65575.0,L2 - Mid
EMP_00199,DF-100199,65301.0,57465.0,74443.0,L2 - Mid
EMP_00156,DF-100156,86033.0,75709.0,98078.0,L5 - Manager
EMP_00369,DF-100369,63766.0,56114.0,72693.0,L2 - Mid
EMP_00379,DF-100379,134419.0,118289.0,153238.0,L4 - Lead
EMP_00184,DF-100184,106967.0,94131.0,121942.0,L4 - Lead
EMP_00014,DF-100014,96453.0,84879.0,109956.0,L3 - Senior
EMP_00429,DF-100429,50525.0,44462.0,57598.0,L2 - Mid
EMP_00297,DF-100297,64802.0,57026.0,73874.0,L2 - Mid
EMP_00159,DF-100159,61837.0,54417.0,70494.0,L2 - Mid
EMP_00371,DF-100371,30743.0,27054.0,35047.0,L1 - Junior
EMP_00525,DF-100525,38654.0,34016.0,44066.0,L1 - Junior
EMP_00321,DF-100321,76342.0,67181.0,87030.0,L2 - Mid
EMP_00484,DF-100484,81275.0,71522.0,92653.0,L2 - Mid
EMP_00588,DF-100588,49189.0,43286.0,56075.0,L1 - Junior
EMP_00120,DF-100120,111658.0,98259.0,127290.0,L4 - Lead
EMP_00354,DF-100354,45907.0,40398.0,52334.0,L1 - Junior
EMP_00230,DF-100230,77608.0,68295.0,88473.0,L2 - Mid
EMP_00208,DF-100208,40009.0,35208.0,45610.0,L1 - Junior
EMP_00034,DF-100034,206041.0,181316.0,234887.0,L6 - Director
EMP_00050,DF-100050,85113.0,74899.0,97029.0,L2 - Mid
EMP_00478,DF-100478,70899.0,62391.0,80825.0,L3 - Senior
EMP_00544,DF-100544,89928.0,79137.0,102518.0,L2 - Mid
EMP_00607,DF-100607,61496.0,54116.0,70105.0,L2 - Mid
EMP_00004,DF-100004,70339.0,61898.0,80186.0,L2 - Mid
EMP_00385,DF-100385,52874.0,46529.0,60276.0,L1 - Junior
EMP_00634,DF-100634,81203.0,71459.0,92571.0,L2 - Mid
EMP_00170,DF-100170,147560.0,129853.0,168218.0,L5 - Manager
EMP_00548,DF-100548,143590.0,126359.0,163693.0,L5 - Manager
EMP_00248,DF-100248,141610.0,124617.0,161435.0,L4 - Lead
EMP_00343,DF-100343,86904.0,76476.0,99071.0,L5 - Manager
EMP_00443,DF-100443,63175.0,55594.0,72020.0,L1 - Junior
EMP_00361,DF-100361,50656.0,44577.0,57748.0,L2 - Mid
EMP_00534,DF-100534,102549.0,90243.0,116906.0,L3 - Senior
EMP_00561,DF-100561,55556.0,48889.0,63334.0,L1 - Junior
EMP_00435,DF-100435,50311.0,44274.0,57355.0,L2 - Mid
EMP_00039,DF-100039,76764.0,67552.0,87511.0,L3 - Senior
EMP_00079,DF-100079,105087.0,92477.0,119799.0,L4 - Lead
EMP_00431,DF-100431,83035.0,73071.0,94660.0,L3 - Senior
EMP_00664,DF-100664,82503.0,72603.0,94053.0,L3 - Senior
EMP_00601,DF-100601,109491.0,96352.0,124820.0,L3 - Senior
EMP_00424,DF-100424,57613.0,50699.0,65679.0,L2 - Mid
EMP_00154,DF-100154,131359.0,115596.0,149749.0,L4 - Lead
EMP_00531,DF-100531,130739.0,115050.0,149042.0,L4 - Lead
EMP_00020,DF-100020,41882.0,36856.0,47745.0,L1 - Junior
EMP_00530,DF-100530,73285.0,64491.0,83545.0,L2 - Mid
EMP_00187,DF-100187,83337.0,73337.0,95004.0,L3 - Senior
EMP_00390,DF-100390,95689.0,84206.0,109085.0,L2 - Mid
EMP_00000,DF-100000,50112.0,44099.0,57128.0,L2 - Mid
EMP_00648,DF-100648,80668.0,70988.0,91962.0,L3 - Senior
EMP_00413,DF-100413,122633.0,107917.0,139802.0,L3 - Senior
EMP_00460,DF-100460,95096.0,83684.0,108409.0,L2 - Mid
EMP_00395,DF-100395,58977.0,51900.0,67234.0,L1 - Junior
EMP_00498,DF-100498,200680.0,176598.0,228775.0,L6 - Director
EMP_00251,DF-100251,126827.0,111608.0,144583.0,L5 - Manager
EMP_00469,DF-100469,62412.0,54923.0,71150.0,L1 - Junior
EMP_00285,DF-100285,97236.0,85568.0,110849.0,L5 - Manager
EMP_00363,DF-100363,84131.0,74035.0,95909.0,L3 - Senior
EMP_00246,DF-100246,73654.0,64816.0,83966.0,L4 - Lead
EMP_00563,DF-100563,69120.0,60826.0,78797.0,L2 - Mid
EMP_00668,DF-100668,44691.0,39328.0,50948.0,L1 - Junior
EMP_00293,DF-100293,76386.0,67220.0,87080.0,L2 - Mid
EMP_00160,DF-100160,33605.0,29572.0,38310.0,L1 - Junior
EMP_00678,DF-100678,46178.0,40637.0,52643.0,L2 - Mid
EMP_00128,DF-100128,63384.0,55778.0,72258.0,L1 - Junior
EMP_00001,DF-100001,94305.0,82988.0,107508.0,L3 - Senior
EMP_00438,DF-100438,103282.0,90888.0,117741.0,L3 - Senior
EMP_00596,DF-100596,62002.0,54562.0,70682.0,L2 - Mid
EMP_00253,DF-100253,104718.0,92152.0,119379.0,L3 - Senior
EMP_00292,DF-100292,54831.0,48251.0,62507.0,L1 - Junior
EMP_00322,DF-100322,87806.0,77269.0,100099.0,L4 - Lead
EMP_00005,DF-100005,34954.0,30760.0,39848.0,L1 - Junior
EMP_00495,DF-100495,60919.0,53609.0,69448.0,L3 - Senior
EMP_00164,DF-100164,43513.0,38291.0,49605.0,L2 - Mid
EMP_00612,DF-100612,141678.0,124677.0,161513.0,L6 - Director
EMP_00115,DF-100115,59698.0,52534.0,68056.0,L1 - Junior
EMP_00278,DF-100278,45530.0,40066.0,51904.0,L1 - Junior
EMP_00611,DF-100611,107656.0,94737.0,122728.0,L4 - Lead
EMP_00558,DF-100558,132823.0,116884.0,151418.0,L5 - Manager
EMP_00215,DF-100215,53311.0,46914.0,60775.0,L1 - Junior
EMP_00510,DF-100510,71752.0,63142.0,81797.0,L3 - Senior
EMP_00629,DF-100629,43953.0,38679.0,50106.0,L1 - Junior
EMP_00503,DF-100503,46871.0,41246.0,53433.0,L1 - Junior
EMP_00284,DF-100284,59857.0,52674.0,68237.0,L1 - Junior
EMP_00434,DF-100434,85333.0,75093.0,97280.0,L3 - Senior
EMP_00078,DF-100078,46934.0,41302.0,53505.0,L1 - Junior
EMP_00028,DF-100028,47411.0,41722.0,54049.0,L2 - Mid
EMP_00377,DF-100377,53333.0,46933.0,60800.0,L1 - Junior
EMP_00064,DF-100064,76686.0,67484.0,87422.0,L2 - Mid
EMP_00409,DF-100409,83429.0,73418.0,95109.0,L3 - Senior
EMP_00646,DF-100646,179769.0,158197.0,204937.0,L6 - Director
EMP_00553,DF-100553,49310.0,43393.0,56213.0,L1 - Junior
EMP_00490,DF-100490,103725.0,91278.0,118246.0,L4 - Lead
EMP_00027,DF-100027,98286.0,86492.0,112046.0,L3 - Senior
EMP_00382,DF-100382,81368.0,71604.0,92760.0,L2 - Mid
EMP_00417,DF-100417,44960.0,39565.0,51254.0,L1 - Junior
EMP_00609,DF-100609,38580.0,33950.0,43981.0,L1 - Junior
EMP_00447,DF-100447,63366.0,55762.0,72237.0,L3 - Senior
EMP_00155,DF-100155,65257.0,57426.0,74393.0,L2 - Mid
EMP_00610,DF-100610,80964.0,71248.0,92299.0,L3 - Senior
EMP_00586,DF-100586,40977.0,36060.0,46714.0,L1 - Junior
EMP_00299,DF-100299,88167.0,77587.0,100510.0,L3 - Senior
EMP_00575,DF-100575,54484.0,47946.0,62112.0,L2 - Mid
EMP_00241,DF-100241,43803.0,38547.0,49935.0,L1 - Junior
EMP_00617,DF-100617,96881.0,85255.0,110444.0,L4 - Lead
EMP_00243,DF-100243,85305.0,75068.0,97248.0,L2 - Mid
EMP_00627,DF-100627,149203.0,131299.0,170091.0,L5 - Manager
EMP_00086,DF-100086,54279.0,47766.0,61878.0,L1 - Junior
EMP_00082,DF-100082,80606.0,70933.0,91891.0,L3 - Senior
EMP_00376,DF-100376,100930.0,88818.0,115060.0,L3 - Senior
EMP_00416,DF-100416,96083.0,84553.0,109535.0,L2 - Mid
EMP_00315,DF-100315,127058.0,111811.0,144846.0,L3 - Senior
EMP_00258,DF-100258,38199.0,33615.0,43547.0,L1 - Junior
EMP_00486,DF-100486,161485.0,142107.0,184093.0,L4 - Lead
EMP_00231,DF-100231,92708.0,81583.0,105687.0,L3 - Senior
EMP_00656,DF-100656,52820.0,46482.0,60215.0,L2 - Mid
EMP_00441,DF-100441,85085.0,74875.0,96997.0,L3 - Senior
EMP_00504,DF-100504,82856.0,72913.0,94456.0,L3 - Senior
EMP_00477,DF-100477,46917.0,41287.0,53485.0,L1 - Junior
EMP_00389,DF-100389,43480.0,38262.0,49567.0,L1 - Junior
EMP_00190,DF-100190,119182.0,104880.0,135867.0,L3 - Senior
EMP_00213,DF-100213,99332.0,87412.0,113238.0,L3 - Senior
EMP_00556,DF-100556,99014.0,87132.0,112876.0,L2 - Mid
EMP_00630,DF-100630,67209.0,59144.0,76618.0,L2 - Mid
EMP_00392,DF-100392,54746.0,48176.0,62410.0,L2 - Mid
EMP_00058,DF-100058,88745.0,78096.0,101169.0,L3 - Senior
EMP_00275,DF-100275,87607.0,77094.0,99872.0,L4 - Lead
EMP_00519,DF-100519,43021.0,37858.0,49044.0,L1 - Junior
EMP_00180,DF-100180,58210.0,51225.0,66359.0,L1 - Junior
EMP_00406,DF-100406,101739.0,89530.0,115982.0,L3 - Senior
EMP_00644,DF-100644,48084.0,42314.0,54816.0,L1 - Junior
EMP_00172,DF-100172,77226.0,67959.0,88038.0,L3 - Senior
EMP_00658,DF-100658,105331.0,92691.0,120077.0,L4 - Lead
EMP_00007,DF-100007,84816.0,74638.0,96690.0,L3 - Senior
EMP_00311,DF-100311,84686.0,74524.0,96542.0,L3 - Senior
EMP_00352,DF-100352,133937.0,117865.0,152688.0,L4 - Lead
EMP_00111,DF-100111,40059.0,35252.0,45667.0,L1 - Junior
EMP_00084,DF-100084,65629.0,57754.0,74817.0,L2 - Mid
EMP_00262,DF-100262,87209.0,76744.0,99418.0,L2 - Mid
EMP_00337,DF-100337,82960.0,73005.0,94574.0,L3 - Senior
EMP_00274,DF-100274,39027.0,34344.0,44491.0,L1 - Junior
EMP_00302,DF-100302,93171.0,81990.0,106215.0,L3 - Senior
EMP_00595,DF-100595,52345.0,46064.0,59673.0,L1 - Junior
EMP_00304,DF-100304,43529.0,38306.0,49623.0,L1 - Junior
EMP_00480,DF-100480,79901.0,70313.0,91087.0,L3 - Senior
EMP_00338,DF-100338,96589.0,84998.0,110111.0,L3 - Senior
EMP_00266,DF-100266,84012.0,73931.0,95774.0,L3 - Senior
EMP_00210,DF-100210,48300.0,42504.0,55062.0,L1 - Junior
EMP_00242,DF-100242,48854.0,42992.0,55694.0,L1 - Junior
EMP_00188,DF-100188,139045.0,122360.0,158511.0,L5 - Manager
EMP_00597,DF-100597,52007.0,45766.0,59288.0,L1 - Junior
EMP_00655,DF-100655,45522.0,40059.0,51895.0,L1 - Junior
EMP_00206,DF-100206,94718.0,83352.0,107979.0,L3 - Senior
EMP_00470,DF-100470,117428.0,103337.0,133868.0,L4 - Lead
EMP_00439,DF-100439,82311.0,72434.0,93835.0,L2 - Mid
EMP_00161,DF-100161,47255.0,41584.0,53871.0,L1 - Junior
EMP_00410,DF-100410,81702.0,71898.0,93140.0,L3 - Senior
EMP_00440,DF-100440,97283.0,85609.0,110903.0,L3 - Senior
EMP_00517,DF-100517,64822.0,57043.0,73897.0,L2 - Mid
EMP_00589,DF-100589,51109.0,44976.0,58264.0,L1 - Junior
EMP_00273,DF-100273,107745.0,94816.0,122829.0,L3 - Senior
EMP_00353,DF-100353,116249.0,102299.0,132524.0,L6 - Director
EMP_00667,DF-100667,59848.0,52666.0,68227.0,L1 - Junior
EMP_00388,DF-100388,111506.0,98125.0,127117.0,L4 - Lead
EMP_00100,DF-100100,61191.0,53848.0,69758.0,L3 - Senior
EMP_00532,DF-100532,77754.0,68424.0,88640.0,L2 - Mid
EMP_00585,DF-100585,49992.0,43993.0,56991.0,L1 - Junior
EMP_00465,DF-100465,51046.0,44920.0,58192.0,L1 - Junior
EMP_00350,DF-100350,160698.0,141414.0,183196.0,L5 - Manager
EMP_00347,DF-100347,45623.0,40148.0,52010.0,L1 - Junior
EMP_00547,DF-100547,43458.0,38243.0,49542.0,L1 - Junior
EMP_00225,DF-100225,77772.0,68439.0,88660.0,L3 - Senior
EMP_00455,DF-100455,64935.0,57143.0,74026.0,L3 - Senior
EMP_00059,DF-100059,78056.0,68689.0,88984.0,L2 - Mid
EMP_00131,DF-100131,62350.0,54868.0,71079.0,L2 - Mid
EMP_00507,DF-100507,100628.0,88553.0,114716.0,L2 - Mid
EMP_00511,DF-100511,47920.0,42170.0,54629.0,L1 - Junior
EMP_00437,DF-100437,59642.0,52485.0,67992.0,L2 - Mid
EMP_00132,DF-100132,196308.0,172751.0,223791.0,L6 - Director
EMP_00506,DF-100506,35302.0,31066.0,40244.0,L1 - Junior
EMP_00351,DF-100351,93731.0,82483.0,106853.0,L2 - Mid
EMP_00458,DF-100458,135917.0,119607.0,154945.0,L6 - Director
EMP_00367,DF-100367,145283.0,127849.0,165623.0,L4 - Lead
EMP_00294,DF-100294,58242.0,51253.0,66396.0,L2 - Mid
EMP_00341,DF-100341,55256.0,48625.0,62992.0,L2 - Mid
EMP_00141,DF-100141,44077.0,38788.0,50248.0,L1 - Junior
EMP_00316,DF-100316,64252.0,56542.0,73247.0,L2 - Mid
EMP_00433,DF-100433,116235.0,102287.0,132508.0,L4 - Lead
EMP_00594,DF-100594,125052.0,110046.0,142559.0,L6 - Director
EMP_00327,DF-100327,80248.0,70618.0,91483.0,L2 - Mid
EMP_00116,DF-100116,78049.0,68683.0,88976.0,L3 - Senior
EMP_00384,DF-100384,67281.0,59207.0,76700.0,L2 - Mid
EMP_00404,DF-100404,67018.0,58976.0,76401.0,L3 - Senior
EMP_00670,DF-100670,40931.0,36019.0,46661.0,L1 - Junior
EMP_00446,DF-100446,76996.0,67756.0,87775.0,L2 - Mid
EMP_00328,DF-100328,47211.0,41546.0,53821.0,L1 - Junior
EMP_00114,DF-100114,125386.0,110340.0,142940.0,L5 - Manager
EMP_00643,DF-100643,131088.0,115357.0,149440.0,L5 - Manager
EMP_00557,DF-100557,49961.0,43966.0,56956.0,L1 - Junior
EMP_00457,DF-100457,42970.0,37814.0,48986.0,L1 - Junior
EMP_00281,DF-100281,46763.0,41151.0,53310.0,L1 - Junior
EMP_00635,DF-100635,58261.0,51270.0,66418.0,L2 - Mid
EMP_00497,DF-100497,40694.0,35811.0,46391.0,L1 - Junior
EMP_00143,DF-100143,79312.0,69795.0,90416.0,L2 - Mid
EMP_00244,DF-100244,53010.0,46649.0,60431.0,L1 - Junior
EMP_00489,DF-100489,115282.0,101448.0,131421.0,L3 - Senior
EMP_00380,DF-100380,67292.0,59217.0,76713.0,L2 - Mid
EMP_00412,DF-100412,59213.0,52107.0,67503.0,L2 - Mid
EMP_00259,DF-100259,89498.0,78758.0,102028.0,L3 - Senior
EMP_00479,DF-100479,137273.0,120800.0,156491.0,L5 - Manager
EMP_00153,DF-100153,57124.0,50269.0,65121.0,L2 - Mid
EMP_00140,DF-100140,113412.0,99803.0,129290.0,L4 - Lead
EMP_00370,DF-100370,76110.0,66977.0,86765.0,L2 - Mid
EMP_00305,DF-100305,52289.0,46014.0,59609.0,L1 - Junior
EMP_00657,DF-100657,157639.0,138722.0,179708.0,L5 - Manager
EMP_00500,DF-100500,70186.0,61764.0,80012.0,L2 - Mid
EMP_00372,DF-100372,50620.0,44546.0,57707.0,L1 - Junior
EMP_00105,DF-100105,67753.0,59623.0,77238.0,L1 - Junior
EMP_00566,DF-100566,82746.0,72816.0,94330.0,L3 - Senior
EMP_00016,DF-100016,72284.0,63610.0,82404.0,L3 - Senior
EMP_00087,DF-100087,63151.0,55573.0,71992.0,L2 - Mid
EMP_00076,DF-100076,74311.0,65394.0,84715.0,L3 - Senior
EMP_00637,DF-100637,57860.0,50917.0,65960.0,L2 - Mid
EMP_00642,DF-100642,49372.0,43447.0,56284.0,L1 - Junior
EMP_00645,DF-100645,44455.0,39120.0,50679.0,L1 - Junior
EMP_00166,DF-100166,100673.0,88592.0,114767.0,L2 - Mid
EMP_00117,DF-100117,86933.0,76501.0,99104.0,L3 - Senior
EMP_00576,DF-100576,104321.0,91802.0,118926.0,L3 - Senior
EMP_00420,DF-100420,53317.0,46919.0,60781.0,L1 - Junior
EMP_00600,DF-100600,99044.0,87159.0,112910.0,L4 - Lead
EMP_00640,DF-100640,66959.0,58924.0,76333.0,L2 - Mid
EMP_00134,DF-100134,43831.0,38571.0,49967.0,L1 - Junior
EMP_00475,DF-100475,73132.0,64356.0,83370.0,L2 - Mid
EMP_00414,DF-100414,71301.0,62745.0,81283.0,L2 - Mid
EMP_00592,DF-100592,92440.0,81347.0,105382.0,L3 - Senior
EMP_00346,DF-100346,164564.0,144816.0,187603.0,L5 - Manager
EMP_00499,DF-100499,56403.0,49635.0,64299.0,L2 - Mid
EMP_00234,DF-100234,55622.0,48947.0,63409.0,L2 - Mid
EMP_00071,DF-100071,50653.0,44575.0,57744.0,L1 - Junior
EMP_00426,DF-100426,45796.0,40300.0,52207.0,L1 - Junior
EMP_00198,DF-100198,48302.0,42506.0,55064.0,L1 - Junior
EMP_00102,DF-100102,130405.0,114756.0,148662.0,L4 - Lead
EMP_00450,DF-100450,51220.0,45074.0,58391.0,L1 - Junior
EMP_00002,DF-100002,118048.0,103882.0,134575.0,L4 - Lead
EMP_00013,DF-100013,81013.0,71291.0,92355.0,L2 - Mid
EMP_00043,DF-100043,52584.0,46274.0,59946.0,L2 - Mid
EMP_00301,DF-100301,51636.0,45440.0,58865.0,L2 - Mid
EMP_00121,DF-100121,92083.0,81033.0,104975.0,L3 - Senior
EMP_00659,DF-100659,71922.0,63291.0,81991.0,L2 - Mid
EMP_00300,DF-100300,66174.0,58233.0,75438.0,L2 - Mid
EMP_00666,DF-100666,55352.0,48710.0,63101.0,L2 - Mid
EMP_00037,DF-100037,71390.0,62823.0,81385.0,L3 - Senior
EMP_00056,DF-100056,96977.0,85340.0,110554.0,L3 - Senior
EMP_00023,DF-100023,137811.0,121274.0,157105.0,L4 - Lead
EMP_00177,DF-100177,41953.0,36919.0,47826.0,L1 - Junior
EMP_00606,DF-100606,35318.0,31080.0,40263.0,L1 - Junior
EMP_00577,DF-100577,84789.0,74614.0,96659.0,L3 - Senior
EMP_00108,DF-100108,63778.0,56125.0,72707.0,L2 - Mid
EMP_00202,DF-100202,91211.0,80266.0,103981.0,L4 - Lead
EMP_00124,DF-100124,62708.0,55183.0,71487.0,L2 - Mid
EMP_00641,DF-100641,75166.0,66146.0,85689.0,L3 - Senior
EMP_00336,DF-100336,55920.0,49210.0,63749.0,L2 - Mid
EMP_00574,DF-100574,60487.0,53229.0,68955.0,L1 - Junior
EMP_00331,DF-100331,184736.0,162568.0,210599.0,L6 - Director
EMP_00591,DF-100591,43809.0,38552.0,49942.0,L1 - Junior
EMP_00142,DF-100142,109452.0,96318.0,124775.0,L3 - Senior
EMP_00174,DF-100174,46202.0,40658.0,52670.0,L2 - Mid
EMP_00513,DF-100513,104265.0,91753.0,118862.0,L4 - Lead
EMP_00060,DF-100060,54442.0,47909.0,62064.0,L1 - Junior
EMP_00263,DF-100263,54229.0,47722.0,61821.0,L1 - Junior
EMP_00214,DF-100214,51480.0,45302.0,58687.0,L1 - Junior
EMP_00358,DF-100358,48302.0,42506.0,55064.0,L1 - Junior
EMP_00614,DF-100614,49952.0,43958.0,56945.0,L2 - Mid
EMP_00226,DF-100226,49200.0,43296.0,56088.0,L1 - Junior
EMP_00580,DF-100580,36370.0,32006.0,41462.0,L1 - Junior
EMP_00551,DF-100551,76555.0,67368.0,87273.0,L3 - Senior
EMP_00218,DF-100218,65544.0,57679.0,74720.0,L3 - Senior
EMP_00560,DF-100560,55879.0,49174.0,63702.0,L1 - Junior
EMP_00109,DF-100109,123112.0,108339.0,140348.0,L5 - Manager
EMP_00401,DF-100401,41444.0,36471.0,47246.0,L1 - Junior
EMP_00628,DF-100628,47143.0,41486.0,53743.0,L1 - Junior
EMP_00235,DF-100235,112063.0,98615.0,127752.0,L4 - Lead
EMP_00217,DF-100217,51560.0,45373.0,58778.0,L2 - Mid
EMP_00048,DF-100048,73238.0,64449.0,83491.0,L2 - Mid
EMP_00099,DF-100099,95476.0,84019.0,108843.0,L3 - Senior
EMP_00407,DF-100407,85488.0,75229.0,97456.0,L3 - Senior
EMP_00451,DF-100451,73443.0,64630.0,83725.0,L2 - Mid
EMP_00062,DF-100062,62102.0,54650.0,70796.0,L2 - Mid
EMP_00025,DF-100025,50527.0,44464.0,57601.0,L1 - Junior
EMP_00150,DF-100150,129220.0,113714.0,147311.0,L5 - Manager
EMP_00650,DF-100650,76396.0,67228.0,87091.0,L3 - Senior
EMP_00017,DF-100017,156474.0,137697.0,178380.0,L5 - Manager
EMP_00227,DF-100227,61726.0,54319.0,70368.0,L2 - Mid
EMP_00464,DF-100464,89180.0,78478.0,101665.0,L2 - Mid
EMP_00329,DF-100329,52034.0,45790.0,59319.0,L1 - Junior
EMP_00639,DF-100639,66422.0,58451.0,75721.0,L3 - Senior
EMP_00582,DF-100582,91943.0,80910.0,104815.0,L3 - Senior
EMP_00247,DF-100247,63434.0,55822.0,72315.0,L1 - Junior
EMP_00552,DF-100552,48524.0,42701.0,55317.0,L1 - Junior
EMP_00545,DF-100545,167569.0,147461.0,191029.0,L4 - Lead
EMP_00602,DF-100602,61575.0,54186.0,70196.0,L2 - Mid
EMP_00063,DF-100063,35922.0,31611.0,40951.0,L1 - Junior
EMP_00126,DF-100126,87401.0,76913.0,99637.0,L4 - Lead
EMP_00397,DF-100397,43701.0,38457.0,49819.0,L1 - Junior
EMP_00515,DF-100515,91378.0,80413.0,104171.0,L3 - Senior
EMP_00070,DF-100070,54716.0,48150.0,62376.0,L1 - Junior
EMP_00277,DF-100277,78917.0,69447.0,89965.0,L3 - Senior
EMP_00528,DF-100528,166809.0,146792.0,190162.0,L5 - Manager
EMP_00122,DF-100122,121320.0,106762.0,138305.0,L4 - Lead
EMP_00538,DF-100538,37726.0,33199.0,43008.0,L1 - Junior
EMP_00065,DF-100065,77234.0,67966.0,88047.0,L2 - Mid
EMP_00223,DF-100223,45444.0,39991.0,51806.0,L2 - Mid
EMP_00573,DF-100573,40246.0,35416.0,45880.0,L1 - Junior
EMP_00046,DF-100046,39139.0,34442.0,44618.0,L1 - Junior
EMP_00605,DF-100605,45054.0,39648.0,51362.0,L2 - Mid
EMP_00104,DF-100104,85246.0,75016.0,97180.0,L3 - Senior
EMP_00375,DF-100375,66906.0,58877.0,76273.0,L1 - Junior
EMP_00422,DF-100422,112067.0,98619.0,127756.0,L3 - Senior
EMP_00442,DF-100442,161841.0,142420.0,184499.0,L6 - Director
EMP_00324,DF-100324,41900.0,36872.0,47766.0,L1 - Junior
EMP_00364,DF-100364,39867.0,35083.0,45448.0,L1 - Junior
EMP_00323,DF-100323,82649.0,72731.0,94220.0,L3 - Senior
EMP_00240,DF-100240,69951.0,61557.0,79744.0,L2 - Mid
EMP_00468,DF-100468,77646.0,68328.0,88516.0,L2 - Mid
EMP_00647,DF-100647,66741.0,58732.0,76085.0,L2 - Mid
EMP_00505,DF-100505,42572.0,37463.0,48532.0,L1 - Junior
EMP_00633,DF-100633,71718.0,63112.0,81759.0,L3 - Senior
EMP_00186,DF-100186,67316.0,59238.0,76740.0,L2 - Mid
EMP_00094,DF-100094,38169.0,33589.0,43513.0,L1 - Junior
EMP_00625,DF-100625,72882.0,64136.0,83085.0,L2 - Mid
EMP_00662,DF-100662,42959.0,37804.0,48973.0,L1 - Junior
EMP_00355,DF-100355,69198.0,60894.0,78886.0,L2 - Mid
EMP_00653,DF-100653,46641.0,41044.0,53171.0,L1 - Junior
EMP_00149,DF-100149,61550.0,54164.0,70167.0,L2 - Mid
EMP_00267,DF-100267,82506.0,72605.0,94057.0,L3 - Senior
EMP_00245,DF-100245,73245.0,64456.0,83499.0,L3 - Senior
EMP_00527,DF-100527,50300.0,44264.0,57342.0,L1 - Junior
EMP_00054,DF-100054,75795.0,66700.0,86406.0,L5 - Manager
EMP_00239,DF-100239,68882.0,60616.0,78525.0,L2 - Mid
EMP_00265,DF-100265,114223.0,100516.0,130214.0,L4 - Lead
EMP_00165,DF-100165,81779.0,71966.0,93228.0,L2 - Mid
EMP_00085,DF-100085,71214.0,62668.0,81184.0,L2 - Mid
EMP_00228,DF-100228,60563.0,53295.0,69042.0,L2 - Mid
EMP_00651,DF-100651,88185.0,77603.0,100531.0,L3 - Senior
EMP_00362,DF-100362,46101.0,40569.0,52555.0,L2 - Mid
EMP_00559,DF-100559,36533.0,32149.0,41648.0,L1 - Junior
EMP_00618,DF-100618,57871.0,50926.0,65973.0,L2 - Mid
EMP_00360,DF-100360,60479.0,53222.0,68946.0,L2 - Mid
EMP_00090,DF-100090,125825.0,110726.0,143440.0,L3 - Senior
EMP_00672,DF-100672,58582.0,51552.0,66783.0,L1 - Junior
EMP_00521,DF-100521,91876.0,80851.0,104739.0,L3 - Senior
EMP_00067,DF-100067,48228.0,42441.0,54980.0,L1 - Junior
EMP_00572,DF-100572,43319.0,38121.0,49384.0,L1 - Junior
EMP_00394,DF-100394,72232.0,63564.0,82344.0,L2 - Mid
EMP_00003,DF-100003,71667.0,63067.0,81700.0,L2 - Mid
EMP_00091,DF-100091,61675.0,54274.0,70310.0,L2 - Mid
EMP_00205,DF-100205,60595.0,53324.0,69078.0,L2 - Mid
EMP_00066,DF-100066,42851.0,37709.0,48850.0,L1 - Junior
EMP_00330,DF-100330,44462.0,39127.0,50687.0,L1 - Junior
EMP_00295,DF-100295,50930.0,44818.0,58060.0,L2 - Mid
EMP_00095,DF-100095,120645.0,106168.0,137535.0,L5 - Manager
EMP_00677,DF-100677,83458.0,73443.0,95142.0,L2 - Mid
EMP_00081,DF-100081,52387.0,46101.0,59721.0,L1 - Junior
EMP_00419,DF-100419,117852.0,103710.0,134351.0,L4 - Lead
EMP_00430,DF-100430,62952.0,55398.0,71765.0,L2 - Mid
EMP_00445,DF-100445,101640.0,89443.0,115870.0,L3 - Senior
EMP_00221,DF-100221,116736.0,102728.0,133079.0,L3 - Senior
EMP_00357,DF-100357,104845.0,92264.0,119523.0,L3 - Senior
EMP_00539,DF-100539,49162.0,43263.0,56045.0,L1 - Junior
EMP_00660,DF-100660,99366.0,87442.0,113277.0,L3 - Senior
EMP_00676,DF-100676,86214.0,75868.0,98284.0,L5 - Manager
EMP_00333,DF-100333,32087.0,28237.0,36579.0,L1 - Junior
EMP_00408,DF-100408,40563.0,35695.0,46242.0,L2 - Mid
EMP_00381,DF-100381,96125.0,84590.0,109582.0,L3 - Senior
EMP_00030,DF-100030,175780.0,154686.0,200389.0,L5 - Manager
EMP_00052,DF-100052,159088.0,139997.0,181360.0,L5 - Manager
EMP_00320,DF-100320,67074.0,59025.0,76464.0,L2 - Mid
EMP_00453,DF-100453,138944.0,122271.0,158396.0,L6 - Director
EMP_00282,DF-100282,64765.0,56993.0,73832.0,L1 - Junior
EMP_00679,DF-100679,130660.0,114981.0,148952.0,L6 - Director
EMP_00555,DF-100555,102393.0,90106.0,116728.0,L3 - Senior
EMP_00616,DF-100616,68586.0,60356.0,78188.0,L1 - Junior
EMP_00581,DF-100581,171414.0,150844.0,195412.0,L5 - Manager
EMP_00212,DF-100212,64121.0,56426.0,73098.0,L1 - Junior
EMP_00485,DF-100485,56790.0,49975.0,64741.0,L2 - Mid
EMP_00220,DF-100220,67086.0,59036.0,76478.0,L2 - Mid
EMP_00449,DF-100449,45907.0,40398.0,52334.0,L1 - Junior
EMP_00578,DF-100578,134816.0,118638.0,153690.0,L6 - Director
EMP_00010,DF-100010,71282.0,62728.0,81261.0,L2 - Mid
EMP_00567,DF-100567,80246.0,70616.0,91480.0,L3 - Senior
EMP_00308,DF-100308,117859.0,103716.0,134359.0,L5 - Manager
EMP_00032,DF-100032,61912.0,54483.0,70580.0,L1 - Junior
EMP_00491,DF-100491,62619.0,55105.0,71386.0,L2 - Mid
EMP_00621,DF-100621,105092.0,92481.0,119805.0,L4 - Lead
EMP_00536,DF-100536,120765.0,106273.0,137672.0,L4 - Lead
EMP_00163,DF-100163,52045.0,45800.0,59331.0,L1 - Junior
EMP_00399,DF-100399,40345.0,35504.0,45993.0,L1 - Junior
EMP_00264,DF-100264,81129.0,71394.0,92487.0,L2 - Mid
EMP_00088,DF-100088,135672.0,119391.0,154666.0,L5 - Manager
EMP_00487,DF-100487,76725.0,67518.0,87466.0,L3 - Senior
EMP_00194,DF-100194,157243.0,138374.0,179257.0,L5 - Manager
EMP_00249,DF-100249,55322.0,48683.0,63067.0,L2 - Mid
EMP_00038,DF-100038,85446.0,75192.0,97408.0,L3 - Senior
EMP_00421,DF-100421,93994.0,82715.0,107153.0,L3 - Senior
EMP_00089,DF-100089,45711.0,40226.0,52111.0,L2 - Mid
EMP_00476,DF-100476,82552.0,72646.0,94109.0,L3 - Senior
EMP_00454,DF-100454,66173.0,58232.0,75437.0,L2 - Mid
EMP_00042,DF-100042,57998.0,51038.0,66118.0,L3 - Senior
EMP_00598,DF-100598,42530.0,37426.0,48484.0,L1 - Junior
EMP_00022,DF-100022,70104.0,61692.0,79919.0,L3 - Senior
EMP_00268,DF-100268,84793.0,74618.0,96664.0,L3 - Senior
EMP_00403,DF-100403,74802.0,65826.0,85274.0,L2 - Mid
EMP_00565,DF-100565,47174.0,41513.0,53778.0,L1 - Junior
EMP_00564,DF-100564,119838.0,105457.0,136615.0,L5 - Manager
EMP_00425,DF-100425,54548.0,48002.0,62185.0,L2 - Mid
EMP_00270,DF-100270,75699.0,66615.0,86297.0,L3 - Senior
EMP_00041,DF-100041,123788.0,108933.0,141118.0,L5 - Manager
EMP_00603,DF-100603,48159.0,42380.0,54901.0,L1 - Junior
EMP_00368,DF-100368,113749.0,100099.0,129674.0,L4 - Lead
EMP_00144,DF-100144,70282.0,61848.0,80121.0,L2 - Mid
EMP_00452,DF-100452,47341.0,41660.0,53969.0,L1 - Junior
EMP_00546,DF-100546,150328.0,132289.0,171374.0,L5 - Manager
EMP_00024,DF-100024,57805.0,50868.0,65898.0,L1 - Junior
EMP_00280,DF-100280,69254.0,60944.0,78950.0,L3 - Senior
EMP_00053,DF-100053,63906.0,56237.0,72853.0,L3 - Senior
EMP_00080,DF-100080,55025.0,48422.0,62728.0,L2 - Mid
EMP_00136,DF-100136,77200.0,67936.0,88008.0,L2 - Mid
EMP_00237,DF-100237,39250.0,34540.0,44745.0,L1 - Junior
EMP_00238,DF-100238,88083.0,77513.0,100415.0,L3 - Senior
EMP_00340,DF-100340,37764.0,33232.0,43051.0,L1 - Junior
EMP_00061,DF-100061,66666.0,58666.0,75999.0,L2 - Mid
EMP_00427,DF-100427,99375.0,87450.0,113287.0,L4 - Lead
EMP_00529,DF-100529,41991.0,36952.0,47870.0,L1 - Junior
EMP_00138,DF-100138,58531.0,51507.0,66725.0,L1 - Junior
EMP_00148,DF-100148,45775.0,40282.0,52183.0,L1 - Junior
EMP_00193,DF-100193,72344.0,63663.0,82472.0,L2 - Mid
EMP_00526,DF-100526,146772.0,129159.0,167320.0,L4 - Lead
EMP_00182,DF-100182,156561.0,137774.0,178480.0,L6 - Director
EMP_00101,DF-100101,64464.0,56728.0,73489.0,L2 - Mid
EMP_00229,DF-100229,65098.0,57286.0,74212.0,L3 - Senior
EMP_00272,DF-100272,42315.0,37237.0,48239.0,L1 - Junior
EMP_00587,DF-100587,66407.0,58438.0,75704.0,L3 - Senior
EMP_00631,DF-100631,56252.0,49502.0,64127.0,L1 - Junior
EMP_00423,DF-100423,61283.0,53929.0,69863.0,L1 - Junior
EMP_00135,DF-100135,56529.0,49746.0,64443.0,L2 - Mid
EMP_00378,DF-100378,122679.0,107958.0,139854.0,L3 - Senior
EMP_00359,DF-100359,66095.0,58164.0,75348.0,L2 - Mid
EMP_00496,DF-100496,83622.0,73587.0,95329.0,L3 - Senior
EMP_00113,DF-100113,42350.0,37268.0,48279.0,L1 - Junior
EMP_00466,DF-100466,51048.0,44922.0,58195.0,L1 - Junior
EMP_00256,DF-100256,67759.0,59628.0,77245.0,L1 - Junior
EMP_00436,DF-100436,90942.0,80029.0,103674.0,L4 - Lead
EMP_00652,DF-100652,38439.0,33826.0,43820.0,L1 - Junior
EMP_00287,DF-100287,51004.0,44884.0,58145.0,L1 - Junior
EMP_00269,DF-100269,50701.0,44617.0,57799.0,L2 - Mid
EMP_00373,DF-100373,125607.0,110534.0,143192.0,L6 - Director
EMP_00671,DF-100671,103034.0,90670.0,117459.0,L3 - Senior
EMP_00129,DF-100129,125754.0,110664.0,143360.0,L5 - Manager
EMP_00255,DF-100255,115171.0,101350.0,131295.0,L5 - Manager
EMP_00055,DF-100055,66929.0,58898.0,76299.0,L2 - Mid
EMP_00168,DF-100168,53641.0,47204.0,61151.0,L1 - Junior
EMP_00008,DF-100008,102708.0,90383.0,117087.0,L3 - Senior
EMP_00192,DF-100192,51007.0,44886.0,58148.0,L1 - Junior
EMP_00015,DF-100015,54381.0,47855.0,61994.0,L2 - Mid
EMP_00209,DF-100209,47683.0,41961.0,54359.0,L1 - Junior
EMP_00179,DF-100179,84462.0,74327.0,96287.0,L2 - Mid
EMP_00461,DF-100461,80322.0,70683.0,91567.0,L2 - Mid
EMP_00125,DF-100125,38199.0,33615.0,43547.0,L1 - Junior
EMP_00169,DF-100169,46550.0,40964.0,53067.0,L1 - Junior
EMP_00145,DF-100145,54119.0,47625.0,61696.0,L2 - Mid
EMP_00118,DF-100118,66053.0,58127.0,75300.0,L1 - Junior
EMP_00509,DF-100509,51692.0,45489.0,58929.0,L1 - Junior
EMP_00103,DF-100103,87761.0,77230.0,100048.0,L4 - Lead
EMP_00026,DF-100026,171902.0,151274.0,195968.0,L6 - Director
EMP_00162,DF-100162,68963.0,60687.0,78618.0,L3 - Senior
EMP_00386,DF-100386,90345.0,79504.0,102993.0,L2 - Mid
EMP_00197,DF-100197,45586.0,40116.0,51968.0,L1 - Junior
EMP_00236,DF-100236,63959.0,56284.0,72913.0,L2 - Mid
EMP_00467,DF-100467,107887.0,94941.0,122991.0,L4 - Lead
EMP_00110,DF-100110,43726.0,38479.0,49848.0,L1 - Junior
EMP_00018,DF-100018,63189.0,55606.0,72035.0,L2 - Mid
EMP_00334,DF-100334,106725.0,93918.0,121666.0,L3 - Senior
EMP_00181,DF-100181,78072.0,68703.0,89002.0,L2 - Mid
EMP_00471,DF-100471,67323.0,59244.0,76748.0,L2 - Mid
EMP_00568,DF-100568,53115.0,46741.0,60551.0,L2 - Mid
EMP_00674,DF-100674,78546.0,69120.0,89542.0,L2 - Mid
EMP_00057,DF-100057,77643.0,68326.0,88513.0,L2 - Mid
EMP_00663,DF-100663,58542.0,51517.0,66738.0,L1 - Junior
EMP_00613,DF-100613,150668.0,132588.0,171762.0,L5 - Manager
EMP_00306,DF-100306,69683.0,61321.0,79439.0,L2 - Mid
EMP_00178,DF-100178,97589.0,85878.0,111251.0,L4 - Lead
EMP_00288,DF-100288,45600.0,40128.0,51984.0,L1 - Junior
EMP_00318,DF-100318,69033.0,60749.0,78698.0,L2 - Mid
EMP_00654,DF-100654,64968.0,57172.0,74064.0,L2 - Mid
EMP_00252,DF-100252,99733.0,87765.0,113696.0,L3 - Senior
EMP_00191,DF-100191,80368.0,70724.0,91620.0,L3 - Senior
EMP_00307,DF-100307,99300.0,87384.0,113202.0,L3 - Senior
EMP_00541,DF-100541,63925.0,56254.0,72874.0,L1 - Junior
EMP_00626,DF-100626,102001.0,89761.0,116281.0,L4 - Lead
EMP_00632,DF-100632,87092.0,76641.0,99285.0,L3 - Senior
EMP_00619,DF-100619,165896.0,145988.0,189121.0,L5 - Manager
EMP_00571,DF-100571,49924.0,43933.0,56913.0,L1 - Junior
EMP_00222,DF-100222,72602.0,63890.0,82766.0,L2 - Mid
EMP_00387,DF-100387,63038.0,55473.0,71863.0,L1 - Junior
EMP_00493,DF-100493,53098.0,46726.0,60532.0,L1 - Junior
EMP_00344,DF-100344,43596.0,38364.0,49699.0,L1 - Junior
EMP_00216,DF-100216,111249.0,97899.0,126824.0,L3 - Senior
EMP_00207,DF-100207,84257.0,74146.0,96053.0,L2 - Mid
EMP_00405,DF-100405,94779.0,83406.0,108048.0,L4 - Lead
EMP_00069,DF-100069,74306.0,65389.0,84709.0,L3 - Senior
EMP_00271,DF-100271,55974.0,49257.0,63810.0,L2 - Mid
EMP_00261,DF-100261,52089.0,45838.0,59381.0,L2 - Mid
EMP_00520,DF-100520,81861.0,72038.0,93322.0,L3 - Senior
EMP_00158,DF-100158,57992.0,51033.0,66111.0,L1 - Junior
EMP_00383,DF-100383,50130.0,44114.0,57148.0,L1 - Junior
EMP_00119,DF-100119,50933.0,44821.0,58064.0,L1 - Junior
EMP_00638,DF-100638,69840.0,61459.0,79618.0,L2 - Mid
EMP_00314,DF-100314,78399.0,68991.0,89375.0,L2 - Mid
EMP_00036,DF-100036,141384.0,124418.0,161178.0,L4 - Lead
EMP_00473,DF-100473,144329.0,127010.0,164535.0,L6 - Director
EMP_00106,DF-100106,39214.0,34508.0,44704.0,L1 - Junior
EMP_00620,DF-100620,41200.0,36256.0,46968.0,L1 - Junior
EMP_00508,DF-100508,82099.0,72247.0,93593.0,L3 - Senior
EMP_00523,DF-100523,134967.0,118771.0,153862.0,L4 - Lead
EMP_00482,DF-100482,61407.0,54038.0,70004.0,L2 - Mid
EMP_00296,DF-100296,80991.0,71272.0,92330.0,L4 - Lead
EMP_00540,DF-100540,58561.0,51534.0,66760.0,L2 - Mid
EMP_00031,DF-100031,72914.0,64164.0,83122.0,L2 - Mid
EMP_00396,DF-100396,78275.0,68882.0,89233.0,L2 - Mid
EMP_00157,DF-100157,128391.0,112984.0,146366.0,L4 - Lead
EMP_00501,DF-100501,95921.0,84410.0,109350.0,L3 - Senior
EMP_00418,DF-100418,128054.0,112688.0,145982.0,L5 - Manager
EMP_00533,DF-100533,52633.0,46317.0,60002.0,L1 - Junior
EMP_00049,DF-100049,58525.0,51502.0,66718.0,L2 - Mid
EMP_00009,DF-100009,34699.0,30535.0,39557.0,L1 - Junior
EMP_00622,DF-100622,64875.0,57090.0,73958.0,L2 - Mid
EMP_00204,DF-100204,54008.0,47527.0,61569.0,L1 - Junior
EMP_00365,DF-100365,57190.0,50327.0,65197.0,L1 - Junior
EMP_00012,DF-100012,32658.0,28739.0,37230.0,L1 - Junior
EMP_00232,DF-100232,79750.0,70180.0,90915.0,L2 - Mid
EMP_00097,DF-100097,52456.0,46161.0,59800.0,L2 - Mid
EMP_00543,DF-100543,55127.0,48512.0,62845.0,L2 - Mid
EMP_00173,DF-100173,144133.0,126837.0,164312.0,L5 - Manager
EMP_00463,DF-100463,46305.0,40748.0,52788.0,L1 - Junior
EMP_00332,DF-100332,62518.0,55016.0,71271.0,L2 - Mid
EMP_00649,DF-100649,81626.0,71831.0,93054.0,L2 - Mid
EMP_00011,DF-100011,57997.0,51037.0,66117.0,L1 - Junior
EMP_00303,DF-100303,53198.0,46814.0,60646.0,L2 - Mid
EMP_00073,DF-100073,29122.0,25627.0,33199.0,L1 - Junior
EMP_00233,DF-100233,129127.0,113632.0,147205.0,L5 - Manager
EMP_00291,DF-100291,130507.0,114846.0,148778.0,L5 - Manager
EMP_00319,DF-100319,106677.0,93876.0,121612.0,L3 - Senior
EMP_00254,DF-100254,77247.0,67977.0,88062.0,L3 - Senior
EMP_00171,DF-100171,61575.0,54186.0,70196.0,L2 - Mid
EMP_00045,DF-100045,71480.0,62902.0,81487.0,L2 - Mid
EMP_00051,DF-100051,58603.0,51571.0,66807.0,L2 - Mid
EMP_00428,DF-100428,87294.0,76819.0,99515.0,L2 - Mid
EMP_00176,DF-100176,78847.0,69385.0,89886.0,L3 - Senior
EMP_00146,DF-100146,73239.0,64450.0,83492.0,L2 - Mid
EMP_00310,DF-100310,54246.0,47736.0,61840.0,L2 - Mid
EMP_00029,DF-100029,48833.0,42973.0,55670.0,L2 - Mid
EMP_00147,DF-100147,130575.0,114906.0,148856.0,L4 - Lead
EMP_00335,DF-100335,46138.0,40601.0,52597.0,L1 - Junior
EMP_00077,DF-100077,58374.0,51369.0,66546.0,L2 - Mid
EMP_00313,DF-100313,116227.0,102280.0,132499.0,L6 - Director
EMP_00665,DF-100665,89895.0,79108.0,102480.0,L3 - Senior
EMP_00569,DF-100569,38899.0,34231.0,44345.0,L1 - Junior
EMP_00342,DF-100342,70132.0,61716.0,79950.0,L2 - Mid
EMP_00133,DF-100133,77403.0,68115.0,88239.0,L3 - Senior
EMP_00608,DF-100608,53955.0,47480.0,61509.0,L2 - Mid
EMP_00326,DF-100326,65679.0,57798.0,74874.0,L2 - Mid
EMP_00411,DF-100411,67017.0,58975.0,76399.0,L3 - Senior
EMP_00472,DF-100472,55498.0,48838.0,63268.0,L1 - Junior
EMP_00289,DF-100289,53276.0,46883.0,60735.0,L2 - Mid
